{"phase_percentages": [31.0, 18.0, 51.0], "center": [11.450248342068603, 38.6992973505169, 53.599179003483314, 97.3201873372575], "sigma": [8.027314319781484, 1.9905296128103735, 10.972048276559441, 1.4291898993035255]}